{
  "110001": {"lat": 28.6353, "lon": 77.2250, "city": "New Delhi", "state": "Delhi"},
  "110002": {"lat": 28.6328, "lon": 77.2197, "city": "New Delhi GPO", "state": "Delhi"},
  "110003": {"lat": 28.6454, "lon": 77.2141, "city": "Civil Lines", "state": "Delhi"},
  "110005": {"lat": 28.6310, "lon": 77.2167, "city": "Karol Bagh", "state": "Delhi"},
  "110006": {"lat": 28.6599, "lon": 77.2275, "city": "Delhi University", "state": "Delhi"},
  "110010": {"lat": 28.5934, "lon": 77.2488, "city": "Lodi Colony", "state": "Delhi"},
  "110011": {"lat": 28.6144, "lon": 77.2062, "city": "Patel Nagar", "state": "Delhi"},
  "110016": {"lat": 28.5716, "lon": 77.1643, "city": "R K Puram", "state": "Delhi"},
  "110020": {"lat": 28.5721, "lon": 77.2410, "city": "Sarojini Nagar", "state": "Delhi"},
  "110025": {"lat": 28.5618, "lon": 77.2803, "city": "Okhla", "state": "Delhi"},
  "110030": {"lat": 28.5350, "lon": 77.2194, "city": "Mehrauli", "state": "Delhi"},
  "110033": {"lat": 28.6831, "lon": 77.2288, "city": "Timarpur", "state": "Delhi"},
  "110044": {"lat": 28.6119, "lon": 77.3115, "city": "Mayur Vihar", "state": "Delhi"},
  "110051": {"lat": 28.6784, "lon": 77.2919, "city": "Shahdara", "state": "Delhi"},
  "110060": {"lat": 28.6328, "lon": 77.1190, "city": "Janakpuri", "state": "Delhi"},
  "110085": {"lat": 28.6952, "lon": 77.1470, "city": "Rohini", "state": "Delhi"},
  "121001": {"lat": 28.4089, "lon": 77.3178, "city": "Faridabad", "state": "Haryana"},
  "122001": {"lat": 28.4595, "lon": 77.0266, "city": "Gurgaon", "state": "Haryana"},
  "124001": {"lat": 28.8955, "lon": 76.6066, "city": "Rohtak", "state": "Haryana"},
  "125001": {"lat": 29.1492, "lon": 75.7217, "city": "Hisar", "state": "Haryana"},
  "126102": {"lat": 28.6106, "lon": 76.6536, "city": "Jhajjar", "state": "Haryana"},
  "127021": {"lat": 28.7930, "lon": 76.1300, "city": "Bhiwani", "state": "Haryana"},
  "131001": {"lat": 28.9845, "lon": 77.0151, "city": "Sonepat", "state": "Haryana"},
  "132001": {"lat": 29.6857, "lon": 76.9905, "city": "Karnal", "state": "Haryana"},
  "133001": {"lat": 30.3782, "lon": 76.7767, "city": "Ambala", "state": "Haryana"},
  "134109": {"lat": 30.6942, "lon": 76.8606, "city": "Panchkula", "state": "Haryana"},
  "135001": {"lat": 30.1290, "lon": 77.2674, "city": "Yamunanagar", "state": "Haryana"},
  "136001": {"lat": 29.3159, "lon": 76.3101, "city": "Jind", "state": "Haryana"},
  "140001": {"lat": 30.9660, "lon": 76.5270, "city": "Rupnagar", "state": "Punjab"},
  "141001": {"lat": 30.9010, "lon": 75.8573, "city": "Ludhiana", "state": "Punjab"},
  "142001": {"lat": 30.8101, "lon": 75.1710, "city": "Moga", "state": "Punjab"},
  "143001": {"lat": 31.6340, "lon": 74.8723, "city": "Amritsar", "state": "Punjab"},
  "144001": {"lat": 31.3260, "lon": 75.5762, "city": "Jalandhar", "state": "Punjab"},
  "147001": {"lat": 30.3398, "lon": 76.3869, "city": "Patiala", "state": "Punjab"},
  "148001": {"lat": 30.2458, "lon": 75.8421, "city": "Sangrur", "state": "Punjab"},
  "151001": {"lat": 30.2110, "lon": 74.9455, "city": "Bathinda", "state": "Punjab"},
  "152002": {"lat": 30.3782, "lon": 74.5126, "city": "Fazilka", "state": "Punjab"},
  "160001": {"lat": 30.7333, "lon": 76.7794, "city": "Chandigarh", "state": "Chandigarh"},
  "171001": {"lat": 31.1048, "lon": 77.1734, "city": "Shimla", "state": "Himachal Pradesh"},
  "175001": {"lat": 31.6386, "lon": 77.1170, "city": "Mandi", "state": "Himachal Pradesh"},
  "176001": {"lat": 32.0998, "lon": 76.2691, "city": "Kangra", "state": "Himachal Pradesh"},
  "180001": {"lat": 32.7266, "lon": 74.8570, "city": "Jammu", "state": "Jammu and Kashmir"},
  "190001": {"lat": 34.0837, "lon": 74.7973, "city": "Srinagar", "state": "Jammu and Kashmir"},
  "201001": {"lat": 28.6692, "lon": 77.4538, "city": "Ghaziabad", "state": "Uttar Pradesh"},
  "201301": {"lat": 28.5355, "lon": 77.3910, "city": "Noida", "state": "Uttar Pradesh"},
  "202001": {"lat": 27.8974, "lon": 78.0880, "city": "Aligarh", "state": "Uttar Pradesh"},
  "208001": {"lat": 26.4499, "lon": 80.3319, "city": "Kanpur", "state": "Uttar Pradesh"},
  "211001": {"lat": 25.4358, "lon": 81.8463, "city": "Prayagraj", "state": "Uttar Pradesh"},
  "221001": {"lat": 25.3176, "lon": 82.9739, "city": "Varanasi", "state": "Uttar Pradesh"},
  "226001": {"lat": 26.8467, "lon": 80.9462, "city": "Lucknow", "state": "Uttar Pradesh"},
  "243001": {"lat": 28.3670, "lon": 79.4304, "city": "Bareilly", "state": "Uttar Pradesh"},
  "247001": {"lat": 29.9680, "lon": 77.5510, "city": "Saharanpur", "state": "Uttar Pradesh"},
  "248001": {"lat": 30.3165, "lon": 78.0322, "city": "Dehradun", "state": "Uttarakhand"},
  "249001": {"lat": 29.9457, "lon": 78.1642, "city": "Haridwar", "state": "Uttarakhand"},
  "250001": {"lat": 28.9845, "lon": 77.7064, "city": "Meerut", "state": "Uttar Pradesh"},
  "251001": {"lat": 29.4727, "lon": 77.7085, "city": "Muzaffarnagar", "state": "Uttar Pradesh"},
  "273001": {"lat": 26.7606, "lon": 83.3732, "city": "Gorakhpur", "state": "Uttar Pradesh"},
  "281001": {"lat": 27.4924, "lon": 77.6737, "city": "Mathura", "state": "Uttar Pradesh"},
  "282001": {"lat": 27.1767, "lon": 78.0081, "city": "Agra", "state": "Uttar Pradesh"},
  "284001": {"lat": 25.4484, "lon": 78.5685, "city": "Jhansi", "state": "Uttar Pradesh"},
  "302001": {"lat": 26.9124, "lon": 75.7873, "city": "Jaipur", "state": "Rajasthan"},
  "305001": {"lat": 26.4499, "lon": 74.6399, "city": "Ajmer", "state": "Rajasthan"},
  "311001": {"lat": 25.3407, "lon": 74.6313, "city": "Bhilwara", "state": "Rajasthan"},
  "312001": {"lat": 24.8887, "lon": 74.6269, "city": "Chittorgarh", "state": "Rajasthan"},
  "313001": {"lat": 24.5854, "lon": 73.7125, "city": "Udaipur", "state": "Rajasthan"},
  "321001": {"lat": 27.2152, "lon": 77.4890, "city": "Bharatpur", "state": "Rajasthan"},
  "324001": {"lat": 25.2138, "lon": 75.8648, "city": "Kota", "state": "Rajasthan"},
  "332001": {"lat": 27.6094, "lon": 75.1399, "city": "Sikar", "state": "Rajasthan"},
  "334001": {"lat": 28.0229, "lon": 73.3119, "city": "Bikaner", "state": "Rajasthan"},
  "342001": {"lat": 26.2389, "lon": 73.0243, "city": "Jodhpur", "state": "Rajasthan"},
  "345001": {"lat": 26.9157, "lon": 70.9083, "city": "Jaisalmer", "state": "Rajasthan"},
  "360001": {"lat": 22.3039, "lon": 70.8022, "city": "Rajkot", "state": "Gujarat"},
  "361001": {"lat": 22.4707, "lon": 70.0577, "city": "Jamnagar", "state": "Gujarat"},
  "362001": {"lat": 21.5222, "lon": 70.4579, "city": "Junagadh", "state": "Gujarat"},
  "364001": {"lat": 21.7645, "lon": 72.1519, "city": "Bhavnagar", "state": "Gujarat"},
  "370001": {"lat": 23.2419, "lon": 69.6669, "city": "Bhuj", "state": "Gujarat"},
  "380001": {"lat": 23.0225, "lon": 72.5714, "city": "Ahmedabad", "state": "Gujarat"},
  "382001": {"lat": 23.2156, "lon": 72.6369, "city": "Gandhinagar", "state": "Gujarat"},
  "388001": {"lat": 22.5645, "lon": 72.9289, "city": "Anand", "state": "Gujarat"},
  "390001": {"lat": 22.3072, "lon": 73.1812, "city": "Vadodara", "state": "Gujarat"},
  "394001": {"lat": 21.1702, "lon": 72.8311, "city": "Surat", "state": "Gujarat"},
  "396001": {"lat": 20.9467, "lon": 72.9520, "city": "Navsari", "state": "Gujarat"},
  "400001": {"lat": 18.9388, "lon": 72.8354, "city": "Mumbai GPO", "state": "Maharashtra"},
  "411001": {"lat": 18.5204, "lon": 73.8567, "city": "Pune", "state": "Maharashtra"},
  "413001": {"lat": 17.6599, "lon": 75.9064, "city": "Solapur", "state": "Maharashtra"},
  "414001": {"lat": 19.0948, "lon": 74.7480, "city": "Ahmednagar", "state": "Maharashtra"},
  "416001": {"lat": 16.7050, "lon": 74.2433, "city": "Kolhapur", "state": "Maharashtra"},
  "422001": {"lat": 20.0063, "lon": 73.7900, "city": "Nashik", "state": "Maharashtra"},
  "425001": {"lat": 21.0077, "lon": 75.5626, "city": "Jalgaon", "state": "Maharashtra"},
  "431001": {"lat": 19.8762, "lon": 75.3433, "city": "Chhatrapati Sambhajinagar", "state": "Maharashtra"},
  "440001": {"lat": 21.1458, "lon": 79.0882, "city": "Nagpur", "state": "Maharashtra"},
  "444001": {"lat": 20.7002, "lon": 77.0082, "city": "Akola", "state": "Maharashtra"},
  "445001": {"lat": 20.3888, "lon": 78.1353, "city": "Yavatmal", "state": "Maharashtra"},
  "450001": {"lat": 21.8270, "lon": 76.3509, "city": "Khandwa", "state": "Madhya Pradesh"},
  "452001": {"lat": 22.7196, "lon": 75.8577, "city": "Indore", "state": "Madhya Pradesh"},
  "458001": {"lat": 24.0767, "lon": 75.0700, "city": "Mandsaur", "state": "Madhya Pradesh"},
  "462001": {"lat": 23.2599, "lon": 77.4126, "city": "Bhopal", "state": "Madhya Pradesh"},
  "470001": {"lat": 23.8388, "lon": 78.7378, "city": "Sagar", "state": "Madhya Pradesh"},
  "473001": {"lat": 26.2183, "lon": 78.1828, "city": "Gwalior", "state": "Madhya Pradesh"},
  "482001": {"lat": 22.4826, "lon": 79.9494, "city": "Narsinghpur", "state": "Madhya Pradesh"},
  "483001": {"lat": 23.1815, "lon": 79.9864, "city": "Jabalpur", "state": "Madhya Pradesh"},
  "490001": {"lat": 21.2514, "lon": 81.6296, "city": "Durg", "state": "Chhattisgarh"},
  "492001": {"lat": 21.2514, "lon": 81.6296, "city": "Raipur", "state": "Chhattisgarh"},
  "495001": {"lat": 22.0796, "lon": 82.1391, "city": "Bilaspur", "state": "Chhattisgarh"},
  "500001": {"lat": 17.3850, "lon": 78.4867, "city": "Hyderabad", "state": "Telangana"},
  "500003": {"lat": 17.4065, "lon": 78.4772, "city": "Koti", "state": "Telangana"},
  "501001": {"lat": 17.2473, "lon": 78.2860, "city": "Rangareddy", "state": "Telangana"},
  "516001": {"lat": 14.4674, "lon": 78.8241, "city": "Kadapa", "state": "Andhra Pradesh"},
  "518001": {"lat": 15.8281, "lon": 78.0373, "city": "Kurnool", "state": "Andhra Pradesh"},
  "520001": {"lat": 16.5062, "lon": 80.6480, "city": "Vijayawada", "state": "Andhra Pradesh"},
  "522001": {"lat": 16.3067, "lon": 80.4365, "city": "Guntur", "state": "Andhra Pradesh"},
  "524001": {"lat": 14.4426, "lon": 79.9865, "city": "Nellore", "state": "Andhra Pradesh"},
  "530001": {"lat": 17.6868, "lon": 83.2185, "city": "Visakhapatnam", "state": "Andhra Pradesh"},
  "533001": {"lat": 17.0005, "lon": 81.8040, "city": "Rajahmundry", "state": "Andhra Pradesh"},
  "560001": {"lat": 12.9716, "lon": 77.5946, "city": "Bangalore", "state": "Karnataka"},
  "570001": {"lat": 12.2958, "lon": 76.6394, "city": "Mysore", "state": "Karnataka"},
  "573001": {"lat": 12.9577, "lon": 76.0996, "city": "Hassan", "state": "Karnataka"},
  "575001": {"lat": 12.9141, "lon": 74.8560, "city": "Mangalore", "state": "Karnataka"},
  "577001": {"lat": 14.4644, "lon": 75.9218, "city": "Davangere", "state": "Karnataka"},
  "580001": {"lat": 15.4589, "lon": 75.0078, "city": "Dharwad", "state": "Karnataka"},
  "583001": {"lat": 15.9129, "lon": 76.8990, "city": "Raichur", "state": "Karnataka"},
  "585001": {"lat": 17.3297, "lon": 76.8343, "city": "Kalaburagi", "state": "Karnataka"},
  "590001": {"lat": 15.8497, "lon": 74.4977, "city": "Belgaum", "state": "Karnataka"},
  "600001": {"lat": 13.0827, "lon": 80.2707, "city": "Chennai", "state": "Tamil Nadu"},
  "620001": {"lat": 10.7905, "lon": 78.7047, "city": "Tiruchirappalli", "state": "Tamil Nadu"},
  "625001": {"lat": 9.9252, "lon": 78.1198, "city": "Madurai", "state": "Tamil Nadu"},
  "628001": {"lat": 8.7642, "lon": 78.1348, "city": "Thoothukudi", "state": "Tamil Nadu"},
  "636001": {"lat": 11.6643, "lon": 78.1460, "city": "Salem", "state": "Tamil Nadu"},
  "641001": {"lat": 11.0168, "lon": 76.9558, "city": "Coimbatore", "state": "Tamil Nadu"},
  "670001": {"lat": 11.8745, "lon": 75.3704, "city": "Kannur", "state": "Kerala"},
  "673001": {"lat": 11.2588, "lon": 75.7804, "city": "Kozhikode", "state": "Kerala"},
  "680001": {"lat": 10.5276, "lon": 76.2144, "city": "Thrissur", "state": "Kerala"},
  "682001": {"lat": 9.9312, "lon": 76.2673, "city": "Kochi", "state": "Kerala"},
  "695001": {"lat": 8.5241, "lon": 76.9366, "city": "Thiruvananthapuram", "state": "Kerala"},
  "700001": {"lat": 22.5726, "lon": 88.3639, "city": "Kolkata GPO", "state": "West Bengal"},
  "712001": {"lat": 22.9086, "lon": 88.3919, "city": "Hooghly", "state": "West Bengal"},
  "713001": {"lat": 23.2500, "lon": 87.8700, "city": "Burdwan", "state": "West Bengal"},
  "721001": {"lat": 22.4260, "lon": 87.3200, "city": "Medinipur", "state": "West Bengal"},
  "731001": {"lat": 23.8600, "lon": 87.6800, "city": "Suri", "state": "West Bengal"},
  "733001": {"lat": 25.0111, "lon": 88.1411, "city": "Malda", "state": "West Bengal"},
  "734001": {"lat": 27.0410, "lon": 88.2663, "city": "Darjeeling", "state": "West Bengal"},
  "741001": {"lat": 23.3900, "lon": 88.5200, "city": "Krishnanagar", "state": "West Bengal"},
  "751001": {"lat": 20.2961, "lon": 85.8245, "city": "Bhubaneswar", "state": "Odisha"},
  "752001": {"lat": 19.8135, "lon": 85.8312, "city": "Puri", "state": "Odisha"},
  "753001": {"lat": 20.4625, "lon": 85.8830, "city": "Cuttack", "state": "Odisha"},
  "760001": {"lat": 19.3150, "lon": 84.7941, "city": "Berhampur", "state": "Odisha"},
  "770001": {"lat": 21.4669, "lon": 83.9812, "city": "Sambalpur", "state": "Odisha"},
  "781001": {"lat": 26.1445, "lon": 91.7362, "city": "Guwahati", "state": "Assam"},
  "786001": {"lat": 27.4728, "lon": 94.9120, "city": "Dibrugarh", "state": "Assam"},
  "788001": {"lat": 24.8333, "lon": 92.7789, "city": "Silchar", "state": "Assam"},
  "793001": {"lat": 25.5788, "lon": 91.8933, "city": "Shillong", "state": "Meghalaya"},
  "800001": {"lat": 25.6093, "lon": 85.1376, "city": "Patna", "state": "Bihar"},
  "802001": {"lat": 25.5584, "lon": 84.6754, "city": "Arrah", "state": "Bihar"},
  "812001": {"lat": 25.2425, "lon": 86.9842, "city": "Bhagalpur", "state": "Bihar"},
  "842001": {"lat": 26.1209, "lon": 85.3647, "city": "Muzaffarpur", "state": "Bihar"},
  "846001": {"lat": 26.3566, "lon": 86.0719, "city": "Madhubani", "state": "Bihar"},
  "825001": {"lat": 23.7957, "lon": 86.4304, "city": "Dhanbad", "state": "Jharkhand"},
  "834001": {"lat": 23.3441, "lon": 85.3096, "city": "Ranchi", "state": "Jharkhand"},
  "403001": {"lat": 15.4989, "lon": 73.8278, "city": "Panaji", "state": "Goa"},
  "403601": {"lat": 15.2993, "lon": 74.1240, "city": "Margao", "state": "Goa"}
}
